user_id,date,sleep_hours,chronotype,focus_start_hour,deep_work_minutes,meetings_minutes,late_meetings_minutes,breaks_count,avg_break_minutes,context_switches,notifications,steps,stress_level,mood,caffeine_mg,hydration_glasses
U000,2024-01-01,8.071282404155047,morning,7,164,36,8,2,3.0611244457745963,24,213,2020,2,3.47353630404602,4,9
U000,2024-01-02,7.337528673669254,morning,8,257,49,8,2,9.27165647389812,21,115,7640,3,5.0,256,4
U000,2024-01-03,8.141947965611465,morning,6,162,2,0,4,6.89074402291617,41,104,8054,2,4.172385633520632,240,5
U000,2024-01-04,8.104344172099683,morning,8,141,70,3,4,8.227381124319013,16,142,7188,3,2.561048462269719,172,5
U000,2024-01-05,7.493694736726166,morning,11,197,65,0,6,10.022818652277829,30,120,4552,3,4.35365909465386,208,6
U000,2024-01-06,6.730414327651926,morning,9,210,103,13,3,10.802763353737054,37,69,1917,3,3.7916011361189863,216,7
U000,2024-01-07,9.650446752598624,morning,8,171,119,21,3,10.13127068169126,27,103,15176,1,3.641011294508109,96,5
U000,2024-01-08,7.5388721691955505,morning,6,97,34,5,4,17.846175091537702,26,154,12000,2,3.8660985593222454,81,8
U000,2024-01-09,6.707925199932662,morning,10,135,103,4,2,7.1659740463163555,43,298,1621,2,3.1023194080661622,220,7
U000,2024-01-10,6.953961446672769,morning,9,152,151,6,4,6.325535341848239,27,107,5242,4,2.392403126074435,105,7
U000,2024-01-11,9.28320120986752,morning,7,74,44,18,4,15.49747998448893,49,218,10857,3,3.419073292094953,137,11
U000,2024-01-12,7.759602865924022,morning,8,185,40,0,5,11.765394084499636,27,95,9519,3,2.587373301221482,0,4
U000,2024-01-13,8.278742126527012,morning,8,115,77,23,3,7.339506100255779,32,60,11317,3,2.838853401013992,117,8
U000,2024-01-14,9.069707200980025,morning,9,187,49,8,0,9.032206956797634,40,184,7781,3,2.1789161849124445,217,5
U001,2024-01-01,8.444819477592008,evening,12,53,0,30,3,14.074837827785547,18,147,6713,4,3.0575298497120813,180,6
U001,2024-01-02,7.382616326736089,evening,15,96,49,23,5,9.355807226278841,9,105,9704,1,3.4814176731919586,79,7
U001,2024-01-03,8.234710046127754,evening,10,151,29,32,4,11.628642288274111,54,423,7784,2,4.568812684791213,267,3
U001,2024-01-04,7.158823926208051,evening,12,107,56,22,3,9.906690828605702,38,125,7794,2,3.1392534083015837,156,6
U001,2024-01-05,6.713279119732418,evening,11,74,72,50,2,7.680076341544219,29,221,11546,4,3.8614936265065865,214,5
U001,2024-01-06,6.532069728981011,evening,15,71,30,19,2,15.946530368378815,33,325,10627,3,2.644288033524535,115,8
U001,2024-01-07,7.558451641382279,evening,12,74,36,14,6,8.637887284502998,50,273,500,2,4.323268479627345,129,4
U001,2024-01-08,7.736805840414015,evening,14,64,220,0,0,13.717631937841269,42,127,3516,4,3.806244745482449,129,2
U001,2024-01-09,7.019212835402133,evening,12,105,82,24,4,9.90729985351348,9,339,6728,3,4.725591898856404,62,7
U001,2024-01-10,8.32640641621968,evening,11,114,117,1,2,11.367873595968236,64,217,4894,4,3.4228272989038295,143,3
U001,2024-01-11,7.501232720317408,evening,16,103,71,52,4,6.356397270757814,18,209,5802,2,4.386422532656306,31,7
U001,2024-01-12,7.334746610410967,evening,13,149,103,16,6,11.103277417084614,53,35,10293,2,5.0,99,1
U001,2024-01-13,8.339459942887743,evening,13,168,158,34,6,11.662951178349113,24,186,8302,2,4.210351521786056,163,5
U001,2024-01-14,7.721781245500075,evening,12,136,98,38,7,6.341082192723604,38,69,9286,1,5.0,332,8
U002,2024-01-01,7.260731424487669,morning,9,101,5,8,9,3.7918928879377765,52,170,2509,4,3.143676909254929,190,5
U002,2024-01-02,8.014324487571285,morning,9,189,63,39,3,6.02146561004688,18,214,3969,2,4.2211565013155194,46,6
U002,2024-01-03,7.27273961298284,morning,7,187,0,12,0,7.94376870460422,33,200,6330,1,2.9722985593165525,79,7
U002,2024-01-04,7.532075129093816,morning,11,132,136,1,2,5.35051720793886,33,250,11055,2,3.0298434001217003,193,6
U002,2024-01-05,7.41126241508622,morning,9,170,87,18,5,8.42574689369853,26,232,6216,2,2.8646518647210297,228,7
U002,2024-01-06,7.13056627117083,morning,8,148,145,32,4,14.735202783833012,46,183,11161,1,3.511300638856996,108,4
U002,2024-01-07,7.711531203059508,morning,8,176,79,0,2,8.842237320314704,15,263,4183,3,3.4326552579506733,24,2
U002,2024-01-08,6.703934456169271,morning,11,187,126,26,1,10.512659783951626,38,142,5201,4,3.6802161255550248,275,4
U002,2024-01-09,7.508734672207075,morning,6,105,32,0,4,13.599693000514769,45,309,5398,3,2.9348460298709282,211,7
U002,2024-01-10,8.554857464861119,morning,7,99,128,21,4,7.636871539569402,45,20,6000,2,2.9352506633422926,245,7
U002,2024-01-11,6.79309578733998,morning,11,109,124,1,5,3.0,51,155,8375,2,3.601383356882423,48,7
U002,2024-01-12,7.505613244752662,morning,7,149,35,0,4,12.001063720769867,57,213,12474,1,3.484507006085065,246,6
U002,2024-01-13,6.91062274030501,morning,9,158,126,0,7,5.628689684707428,33,98,5132,2,2.2628416436473424,91,6
U002,2024-01-14,6.756742688028722,morning,8,53,90,53,0,7.532189292883187,5,136,9759,1,3.156887467634833,212,7
U003,2024-01-01,6.121686327756888,morning,9,94,118,35,5,6.629382917024428,37,113,10544,3,3.815361794061988,268,4
U003,2024-01-02,6.616977831129232,morning,8,14,99,38,2,12.278185695389007,22,254,4749,3,3.8102150158235357,85,7
U003,2024-01-03,8.119607720996507,morning,7,138,17,12,7,10.02217418177528,6,161,5563,2,4.675284638386412,158,10
U003,2024-01-04,7.24066014724603,morning,10,62,146,0,4,10.61371863961425,35,210,11443,2,4.1856794413046865,0,5
U003,2024-01-05,6.454966626012989,morning,9,136,73,40,2,4.153502519807338,42,271,6263,2,3.2881445724900042,54,7
U003,2024-01-06,7.438146754578349,morning,8,67,137,15,4,3.0,40,116,9263,4,3.1447658037172657,274,5
U003,2024-01-07,8.741875861556007,morning,11,192,174,11,0,8.149779306700978,5,141,7545,3,3.4011128495532352,151,2
U003,2024-01-08,7.910254050025892,morning,9,178,0,40,3,12.319604587838088,39,140,4939,2,3.560680970234133,115,5
U003,2024-01-09,6.984213975149248,morning,10,161,175,0,2,10.719773786115134,48,357,11627,2,3.6762005472442167,199,3
U003,2024-01-10,8.201228208927757,morning,10,198,59,13,1,8.638692302250426,41,225,4939,2,2.9564460774684127,146,2
U003,2024-01-11,7.8579036685990555,morning,9,156,95,0,3,10.668678496688878,51,371,4959,2,2.8448740828445644,38,4
U003,2024-01-12,7.25128262055187,morning,10,110,43,0,5,10.510581919244604,22,221,8989,2,2.966357905179649,323,4
U003,2024-01-13,8.321137225181714,morning,9,138,87,3,1,9.994887795033538,43,127,7109,3,2.6802878790762197,250,5
U003,2024-01-14,9.095640854865481,morning,10,125,192,26,1,7.10555836772367,29,156,8111,2,4.201504849554738,182,5
U004,2024-01-01,7.327244790780395,morning,9,150,159,0,4,14.923512568545064,7,229,6830,3,3.6215901847253633,113,4
U004,2024-01-02,8.121722843688605,morning,9,187,57,19,3,10.638959100742746,29,214,10130,4,3.156619394567425,54,7
U004,2024-01-03,8.834756523928238,morning,7,186,33,14,5,9.364115682426215,35,176,6545,1,2.8093504016667534,237,6
U004,2024-01-04,7.546872710952092,morning,10,24,98,19,6,11.025671562554276,21,101,8815,1,2.562481664448537,61,0
U004,2024-01-05,6.614131771701673,morning,6,190,114,0,5,7.918755268325247,22,206,8788,1,4.010229734505681,72,5
U004,2024-01-06,7.5701014920856275,morning,11,147,171,5,3,6.191964101207548,58,79,8757,4,2.7421360380631237,218,1
U004,2024-01-07,8.28594380183265,morning,8,85,25,20,4,3.695280422681785,39,140,6014,4,4.252646534463058,115,1
U004,2024-01-08,7.326126364402782,morning,6,126,184,32,3,3.0,51,181,9894,2,3.15268622368018,190,6
U004,2024-01-09,7.444621091995755,morning,8,112,197,5,8,3.0,44,342,6513,4,2.897542003174375,151,5
U004,2024-01-10,7.786588364927493,morning,9,144,50,17,3,12.542050972893863,65,212,7614,3,4.010849610711027,147,8
U004,2024-01-11,7.591843357612137,morning,6,223,197,14,2,3.0,37,284,3869,4,4.003383856606332,307,5
U004,2024-01-12,7.518542899798491,morning,9,97,144,31,3,19.299338289171587,20,103,7243,1,2.436616479007615,190,3
U004,2024-01-13,6.644357968950761,morning,9,162,46,0,2,11.433505310815832,20,20,6011,3,4.457030075437265,196,5
U004,2024-01-14,6.4924678146743275,morning,10,144,0,34,3,5.150988171929357,40,224,10215,3,3.2401807254167228,203,8
U005,2024-01-01,8.795954068003635,morning,9,109,144,22,5,11.901191333037058,26,120,6203,3,4.596340073461713,97,7
U005,2024-01-02,6.617573066856811,morning,12,84,87,0,0,17.224095777824147,56,94,5215,3,4.64194763333568,246,5
U005,2024-01-03,9.42079473323828,morning,8,172,30,26,1,7.543429667394735,18,241,8825,2,2.5686246045496293,0,3
U005,2024-01-04,8.829293934837931,morning,10,128,230,0,3,3.0,9,153,8051,3,3.3476864665880846,143,3
U005,2024-01-05,5.697400054672732,morning,11,153,81,0,0,6.060462363906181,31,114,9674,4,3.5166853228454107,110,5
U005,2024-01-06,10.0,morning,9,147,65,0,6,12.982400039174511,53,162,8523,3,2.9970897198315725,184,3
U005,2024-01-07,8.451519284020167,morning,9,80,81,22,6,7.907122478536053,29,194,6306,2,3.325542810120415,171,3
U005,2024-01-08,5.625767820668381,morning,13,190,132,0,4,7.866223481580784,37,191,4855,3,2.653954863663484,64,4
U005,2024-01-09,6.747599890782733,morning,8,132,26,6,9,3.204012281235169,23,264,9803,3,4.189807781116801,108,7
U005,2024-01-10,7.902645472030584,morning,10,163,103,0,5,12.648938664173864,27,66,8332,3,3.8237016699338793,35,6
U005,2024-01-11,8.909889459150925,morning,9,206,121,21,3,13.059340362120569,51,133,3736,3,3.060191032765748,273,3
U005,2024-01-12,8.19002846535565,morning,10,123,102,7,4,9.117720863173565,5,306,2049,4,3.494651395403794,177,2
U005,2024-01-13,6.422796762895338,morning,10,157,37,27,3,11.532394096743054,69,218,7509,3,4.435979187733452,210,3
U005,2024-01-14,7.640433341398076,morning,11,123,188,1,1,10.123870172405196,58,271,4959,3,4.2761256319492205,138,8
U006,2024-01-01,7.74145833637041,morning,8,131,69,0,1,3.0,15,135,7112,2,3.483261570120573,73,6
U006,2024-01-02,8.115118182173026,morning,8,174,84,0,2,11.2799711310204,21,218,7084,3,4.114153828639543,93,3
U006,2024-01-03,6.78292477148995,morning,8,64,123,17,3,10.899286899416113,45,20,5035,4,2.0264198130246722,97,5
U006,2024-01-04,7.295575170747007,morning,6,17,69,0,5,15.607014793205607,34,277,14972,1,3.4970774728131033,177,4
U006,2024-01-05,8.581273155307256,morning,8,131,219,31,4,6.968035968258374,47,354,7779,1,4.585363861843961,256,5
U006,2024-01-06,9.245513550200535,morning,7,162,203,14,5,4.181760001450252,14,164,7749,1,3.901989189704098,129,6
U006,2024-01-07,9.188900418260102,morning,10,166,42,0,4,15.686878673679237,47,162,9407,1,3.2661644012801867,300,5
U006,2024-01-08,6.058130621653671,morning,8,161,169,13,4,11.120762983225152,67,223,10792,4,4.145146316376423,96,3
U006,2024-01-09,7.874231926007362,morning,6,162,82,10,4,5.919277884423847,33,210,4711,2,4.144922515382028,115,2
U006,2024-01-10,7.872500352118728,morning,8,105,121,13,5,8.841116493567567,48,250,6963,2,1.9617021894326567,199,2
U006,2024-01-11,7.442208062686163,morning,7,4,258,15,0,4.283600608921942,36,229,2618,2,3.7656179529768425,117,4
U006,2024-01-12,8.860637969670552,morning,11,102,180,0,5,7.2709262295612636,24,245,9137,3,3.26624222396855,86,7
U006,2024-01-13,6.976219625713146,morning,11,207,146,0,5,9.585026718352943,40,125,5381,3,2.89449370670733,137,6
U006,2024-01-14,8.06764593125136,morning,7,142,10,16,0,7.200007625115382,41,165,7335,3,3.4500106421475825,23,6
U007,2024-01-01,7.665043562390412,morning,9,185,91,47,3,11.821736282766796,46,233,7800,4,3.285410412253101,7,5
U007,2024-01-02,7.945575956371532,morning,7,114,0,0,3,11.977695422006674,32,237,8761,3,3.485475769571562,152,9
U007,2024-01-03,6.589572819766493,morning,10,74,157,8,5,11.818322741121296,37,154,9644,1,4.5781223472334585,106,7
U007,2024-01-04,8.389747095320299,morning,6,121,129,0,2,9.700120470327127,39,253,3519,2,3.347444683239443,126,6
U007,2024-01-05,6.670723774730256,morning,11,104,79,0,1,11.479828262513646,29,220,7202,2,3.6770907190455153,190,3
U007,2024-01-06,7.894938400634868,morning,10,138,0,0,2,9.008401666146607,45,353,10783,3,2.8548143302294466,263,9
U007,2024-01-07,7.772392667855161,morning,10,41,173,0,2,3.30933151899643,29,204,8574,2,4.261848937379902,287,6
U007,2024-01-08,8.644099094771954,morning,7,221,0,21,2,5.96116638585884,38,20,6704,2,2.4143715569040216,165,4
U007,2024-01-09,7.779813121263828,morning,10,153,202,5,2,12.56516833588977,20,20,4019,3,3.438319386950023,215,7
U007,2024-01-10,9.609517932436276,morning,11,149,98,0,3,7.491388869805702,43,64,3112,3,4.064261611608214,272,6
U007,2024-01-11,8.831368256379115,morning,10,133,57,20,5,8.98814444408052,25,210,5976,1,2.778092763592354,176,7
U007,2024-01-12,7.424542174475071,morning,12,94,99,16,0,5.523036617171927,8,56,3595,2,3.908713204821403,179,5
U007,2024-01-13,6.417617328342701,morning,6,130,114,0,6,11.114655025684492,40,21,11473,3,3.195418062731197,69,4
U007,2024-01-14,7.396392486594715,morning,6,79,121,17,3,8.786010455889045,26,246,10052,4,2.7477666506696767,236,8
U008,2024-01-01,9.28063534942758,morning,8,132,39,0,3,18.792153302761974,72,194,8537,3,2.6469581463280303,105,7
U008,2024-01-02,6.506677844722843,morning,8,123,114,22,3,8.581563314047447,21,178,10732,1,3.142712463063768,22,6
U008,2024-01-03,7.154930410680751,morning,10,120,31,21,4,5.450122428387248,39,57,11615,2,3.6301603835700673,101,3
U008,2024-01-04,7.95857476860148,morning,6,172,145,20,6,5.952727276407913,38,236,4097,5,5.0,209,3
U008,2024-01-05,8.371033687260395,morning,6,177,184,0,1,13.105567888220648,13,20,6383,4,4.272994591482518,174,4
U008,2024-01-06,6.852676205109478,morning,8,100,110,0,2,3.0,40,311,6808,3,4.190567184764684,0,3
U008,2024-01-07,8.388870174339942,morning,11,190,58,2,4,3.5544935028452675,44,144,6489,2,2.536403957094303,198,1
U008,2024-01-08,7.566934773038177,morning,8,121,89,0,2,6.694867683090049,46,165,5086,2,3.7927945997130657,34,3
U008,2024-01-09,6.873493141240378,morning,8,133,103,0,5,11.820210373570035,25,128,7816,2,3.3954598202142443,168,5
U008,2024-01-10,7.515643098504222,morning,8,196,41,18,3,11.33478071276869,56,209,5494,3,4.187807073672098,172,5
U008,2024-01-11,7.721048724927519,morning,7,59,180,31,3,14.831082227926814,43,286,6768,2,3.478821098260694,149,6
U008,2024-01-12,8.924101931449936,morning,8,134,0,0,3,4.37650959228847,36,136,1382,2,2.3617831662103557,231,0
U008,2024-01-13,8.407172179297058,morning,10,140,0,30,2,8.540177122788922,61,120,7755,2,2.690204810625161,150,9
U008,2024-01-14,9.682241667703867,morning,7,228,63,29,4,9.32125819106581,50,80,3806,4,2.387675646140898,100,4
U009,2024-01-01,6.54970396742434,morning,12,141,119,23,4,7.715266806635173,41,320,9607,3,4.10250484970127,140,6
U009,2024-01-02,8.787612265364148,morning,7,141,138,7,1,9.413535268926317,27,154,7406,2,3.2432843790801607,220,9
U009,2024-01-03,8.022378819297815,morning,10,118,66,0,3,15.290056378887378,48,197,8642,4,3.2302236231126407,177,5
U009,2024-01-04,8.850943788256446,morning,7,72,210,30,3,14.890668529827362,42,199,4132,3,3.461087891377415,174,4
U009,2024-01-05,7.310343989559416,morning,9,189,58,0,1,6.0022892549801945,42,144,9963,2,5.0,25,3
U009,2024-01-06,7.2258062030952726,morning,8,106,200,32,6,7.420460997782797,35,144,8926,3,3.3029280789231494,103,3
U009,2024-01-07,5.642689392098131,morning,9,167,59,12,5,15.030920556717504,51,91,7854,3,2.976368592283589,262,6
U009,2024-01-08,7.223015616290011,morning,11,26,13,0,2,16.476899399073982,28,165,13495,2,5.0,116,6
U009,2024-01-09,6.0093498978531965,morning,8,119,166,7,2,4.023557210569273,74,90,3322,3,4.934440532621129,126,5
U009,2024-01-10,8.926326538808846,morning,6,114,44,0,6,4.39620928245015,19,274,10285,1,3.5311710849470184,231,7
U009,2024-01-11,7.2438155416248735,morning,7,107,150,14,7,7.142376649871997,32,107,6523,1,3.4084792600559264,307,4
U009,2024-01-12,7.473539763319691,morning,9,129,53,22,4,7.245455155573734,31,296,7607,2,3.88054919420855,91,7
U009,2024-01-13,9.020685760181362,morning,9,147,44,0,4,8.892588817340226,40,187,5674,3,2.5662674557560505,44,5
U009,2024-01-14,8.181047553329597,morning,9,77,122,7,7,7.7229564444198555,54,114,9455,3,2.6813412617683174,61,6
U010,2024-01-01,6.669653140230041,evening,15,94,90,14,1,10.946117518773216,62,111,8491,3,2.2143471451683325,101,2
U010,2024-01-02,6.306390812620988,evening,12,122,75,0,4,5.024275518637241,28,126,8758,3,2.975964959702465,199,4
U010,2024-01-03,7.414656330645895,evening,12,130,251,0,3,8.510502183617723,5,270,13780,2,4.165511423768951,0,7
U010,2024-01-04,7.253225021395452,evening,16,70,42,39,2,6.3036689055272594,46,93,6487,3,4.573371098181455,218,6
U010,2024-01-05,6.436754199347123,evening,12,125,96,10,6,13.016336090972597,37,217,6953,2,2.819127537311118,144,4
U010,2024-01-06,6.149131337467558,evening,14,175,160,27,3,4.7540051561658,34,254,7055,3,4.3118064477699845,86,7
U010,2024-01-07,7.398395907923322,evening,13,128,92,10,4,5.883694794250511,27,397,6817,1,2.875166993525465,48,0
U010,2024-01-08,7.856370593995272,evening,11,128,0,0,5,10.301345962711384,41,20,7350,4,2.7150065922946687,201,7
U010,2024-01-09,6.906558694099594,evening,10,101,124,23,1,3.15422997185476,34,152,4663,1,4.589589757844335,95,4
U010,2024-01-10,5.2142275979042765,evening,17,110,182,25,4,9.314399800090417,13,209,5228,3,2.8644701455621697,180,8
U010,2024-01-11,7.1751363779786805,evening,13,34,207,0,5,10.955146082750264,30,209,3903,2,4.367459181165003,100,7
U010,2024-01-12,5.435407634933587,evening,12,68,133,30,3,5.881266516107237,27,49,3981,3,2.852063120117484,102,4
U010,2024-01-13,7.108874923131265,evening,11,35,143,13,4,12.759870439947628,62,159,6187,1,4.3826411424865945,181,6
U010,2024-01-14,7.575796241447344,evening,15,50,19,33,3,5.13373445197999,43,357,10795,3,4.095087255872391,109,6
U011,2024-01-01,6.247383828223248,morning,10,103,171,16,5,8.048963203400573,28,155,5488,3,2.9413713609585255,109,3
U011,2024-01-02,7.789034609789232,morning,8,114,72,4,3,7.189389183957322,62,213,7301,3,2.9150383917089737,220,9
U011,2024-01-03,7.769244008859641,morning,8,109,74,20,4,9.296675076244458,18,181,9782,3,4.121450330496426,145,7
U011,2024-01-04,9.01639996045375,morning,10,82,139,65,5,6.793084549834527,25,301,7875,2,3.669852426997786,81,3
U011,2024-01-05,7.469622583226434,morning,8,150,198,0,2,15.474740176568702,10,61,7653,4,3.3937361139954643,294,4
U011,2024-01-06,6.16684639212489,morning,9,85,114,0,7,20.020078834331244,34,42,10015,2,4.263123937725673,28,6
U011,2024-01-07,7.372017010835986,morning,8,76,98,0,2,10.17910015781499,32,248,9100,3,4.8080844856419755,240,4
U011,2024-01-08,6.205185181773499,morning,8,197,132,17,5,8.420532299516443,19,67,5460,3,3.3344178871864214,40,3
U011,2024-01-09,6.864374594994928,morning,11,104,154,0,2,10.157415649760242,52,119,5365,2,4.44461431455076,129,8
U011,2024-01-10,7.767388904971994,morning,7,147,237,0,5,4.476530980280484,17,234,5903,3,4.175217583974676,198,5
U011,2024-01-11,8.965346544431682,morning,8,104,90,0,4,7.469784139449237,38,210,9240,3,4.551054611962678,260,8
U011,2024-01-12,8.92502252641085,morning,11,122,41,27,3,11.247537761434147,40,242,3099,3,4.030769944511998,107,6
U011,2024-01-13,8.918178622321568,morning,12,147,109,5,1,7.09353726806556,25,149,10875,2,5.0,68,7
U011,2024-01-14,8.558084701607404,morning,6,99,28,0,3,3.0,5,95,8618,3,3.8930691183394095,128,8
U012,2024-01-01,7.311863584217931,morning,9,94,149,0,3,12.154728520388186,67,137,7935,2,2.4093570600994223,223,5
U012,2024-01-02,6.8451328100099245,morning,10,149,86,0,2,12.771254966047328,41,204,5379,4,3.6671743012069644,166,6
U012,2024-01-03,7.633882066533993,morning,9,93,175,18,4,4.6828140109923435,47,231,11139,3,2.6326629760687728,148,4
U012,2024-01-04,7.090288145694396,morning,10,67,65,38,5,6.814490125655713,42,230,8233,1,3.4701611835384565,188,5
U012,2024-01-05,6.998380200454162,morning,8,172,76,12,6,5.148729525397408,8,78,4843,3,3.0752215827051366,198,4
U012,2024-01-06,6.9124156633989084,morning,8,99,66,0,5,10.637928981883189,19,106,4106,2,2.643635323359534,215,9
U012,2024-01-07,6.008119787818131,morning,10,173,37,0,5,6.329353840500438,41,361,7287,2,3.886379360325242,41,5
U012,2024-01-08,8.879773902627175,morning,7,60,193,0,6,10.960633284536865,27,201,7529,3,2.6225990333544225,275,5
U012,2024-01-09,7.556295093151542,morning,8,194,45,0,3,9.88308325121388,38,108,4634,3,3.2139630672902535,186,4
U012,2024-01-10,7.1105108343708325,morning,6,191,116,0,2,12.918656516322557,36,208,8664,2,4.444582112991496,198,3
U012,2024-01-11,8.060827077501733,morning,8,154,144,0,1,11.998463477121241,25,73,6656,2,4.3456170118900435,180,4
U012,2024-01-12,8.019217368856504,morning,8,34,59,18,6,11.601115683921615,43,172,3848,3,3.930607175495164,63,6
U012,2024-01-13,7.077106384318734,morning,11,172,80,18,4,3.6099613972112303,24,101,11643,3,2.6288982981098603,197,4
U012,2024-01-14,7.398790141750203,morning,10,118,90,18,3,5.628266678369107,42,295,5556,2,3.42776328952453,5,3
U013,2024-01-01,6.599055725140482,evening,13,177,130,26,4,13.288487787961078,51,258,4506,3,3.5146476081463485,15,4
U013,2024-01-02,7.029498208452959,evening,13,120,175,29,4,12.800497195419057,61,275,9689,2,4.325997854088364,193,6
U013,2024-01-03,6.206909066985863,evening,13,115,205,72,8,8.832948604381604,50,232,7508,3,4.074794955963851,184,6
U013,2024-01-04,7.447851901711669,evening,13,173,151,71,3,9.607292069780318,10,279,8502,4,4.050155499673021,171,6
U013,2024-01-05,6.82952065876785,evening,11,144,134,28,2,13.705976228218546,52,266,9706,1,3.1806217171018774,204,7
U013,2024-01-06,8.833072587646239,evening,12,114,88,12,3,3.0,40,283,2033,3,3.5969779215439894,32,6
U013,2024-01-07,7.106009519816969,evening,13,131,0,50,5,12.757121531910675,69,167,7310,2,3.049204935089037,234,7
U013,2024-01-08,7.211126324472403,evening,11,165,0,0,4,15.06340360049012,36,91,6716,2,3.1342998648405156,91,1
U013,2024-01-09,6.919894517539004,evening,16,126,56,5,5,3.8905375502051447,38,181,7147,2,3.477508586689582,133,4
U013,2024-01-10,7.245872671527497,evening,13,105,11,14,4,10.199754663966017,8,230,9142,3,3.7699380688556654,170,6
U013,2024-01-11,6.612862204026866,evening,11,118,155,46,4,13.749593568292687,52,164,9559,1,3.210326340400105,91,5
U013,2024-01-12,6.6263506486047925,evening,12,68,68,29,2,5.8638085349257665,46,219,9864,2,3.021524137741107,80,4
U013,2024-01-13,8.137255276580326,evening,13,135,102,12,5,11.08274262485836,48,79,7834,3,3.689223820094527,112,5
U013,2024-01-14,8.360615637319198,evening,12,144,74,20,3,9.245751435012563,36,249,13168,1,2.9079130676620615,71,8
U014,2024-01-01,9.380801452319913,morning,8,119,140,6,3,17.526903892727393,23,300,1290,3,3.4304737448009237,24,3
U014,2024-01-02,7.20297487452824,morning,10,130,52,0,3,12.111648005230222,30,276,7347,2,2.5059800384232527,89,3
U014,2024-01-03,7.984839848474813,morning,8,132,0,6,4,14.633059523643622,33,158,8069,2,3.4667089636995843,236,7
U014,2024-01-04,6.823217332055087,morning,6,173,96,16,3,5.72012571945208,52,247,6314,3,4.006535827970105,230,8
U014,2024-01-05,6.509106381205781,morning,10,154,125,0,3,12.90021986950227,13,341,6094,3,4.624099383164797,143,8
U014,2024-01-06,8.50598555213817,morning,9,143,79,11,2,4.948815026918338,21,259,9925,3,3.644206809112042,119,7
U014,2024-01-07,6.877334346668513,morning,7,104,204,29,3,15.77776894246816,21,100,10585,3,3.5696876583233785,141,4
U014,2024-01-08,7.925541395414923,morning,11,88,111,52,2,14.995276917838972,44,157,8308,1,2.9155589716534527,0,3
U014,2024-01-09,7.939882957034612,morning,9,149,70,0,2,10.136815251944903,40,20,3822,3,4.060492063329185,271,6
U014,2024-01-10,7.345104544180936,morning,10,144,32,38,6,3.236813691109666,46,222,8953,2,3.988849457873907,237,7
U014,2024-01-11,7.736881136472787,morning,9,110,155,25,4,8.650258465568267,48,110,5905,3,3.1467107515728894,117,3
U014,2024-01-12,6.634829430403593,morning,6,192,126,31,6,14.300962453583097,41,93,11962,2,2.790336434917874,191,5
U014,2024-01-13,8.37095741365372,morning,7,122,75,38,3,5.723999509158089,39,323,3502,3,3.727755379433182,160,8
U014,2024-01-14,6.939223808123487,morning,7,176,186,0,2,10.285424813244166,26,117,14132,3,4.291328079721062,168,7
U015,2024-01-01,8.424192383957823,morning,8,204,56,44,2,5.252313692910144,23,140,6786,4,2.8826077279089044,120,4
U015,2024-01-02,5.927440109208321,morning,8,118,0,12,5,12.63396854402726,32,61,13241,1,2.726721864449284,163,5
U015,2024-01-03,7.613668222149384,morning,10,159,70,14,5,11.943380306037637,24,302,4624,2,2.844767301104521,42,5
U015,2024-01-04,6.836563182182321,morning,8,163,131,0,5,7.54881861138573,5,474,2498,3,4.140023393185697,113,6
U015,2024-01-05,7.8136780747659085,morning,8,165,59,7,4,7.3851347784189,32,316,3580,2,3.478132230901906,126,4
U015,2024-01-06,6.547722299688328,morning,11,214,70,42,5,5.264974975362234,39,229,8509,3,4.516577715059464,70,3
U015,2024-01-07,6.946427838379254,morning,9,206,52,20,3,15.65300838348331,78,326,4424,2,3.838067189741074,14,4
U015,2024-01-08,8.271935422251863,morning,9,114,88,8,2,9.997802209276138,37,216,9537,3,3.786699087751353,104,6
U015,2024-01-09,9.046555408664052,morning,7,110,95,46,0,3.0,39,259,9463,2,3.2504677445603565,0,5
U015,2024-01-10,6.255669413399824,morning,6,235,26,35,3,6.78228703124127,34,214,5411,5,3.7244672795570866,154,5
U015,2024-01-11,7.80517336475913,morning,11,168,75,32,2,6.829581682864182,41,239,5634,3,3.9988374532488105,102,5
U015,2024-01-12,7.92248283830156,morning,6,112,39,0,1,7.0797381404724025,40,310,8067,1,4.209529859084974,176,6
U015,2024-01-13,8.300767039961936,morning,9,148,143,0,2,10.534790787251431,26,197,15191,1,3.9993215023680984,110,6
U015,2024-01-14,8.203974015126647,morning,7,226,130,26,2,6.172403920130898,32,375,6216,1,1.9381959164579656,13,5
U016,2024-01-01,8.372249539376,morning,7,182,127,25,2,7.226727545627308,61,150,4843,3,3.128844964399173,219,5
U016,2024-01-02,7.444761563451053,morning,7,186,145,0,4,7.873602217636893,33,82,10421,4,3.5208733506634853,207,7
U016,2024-01-03,6.139236658953404,morning,10,126,139,36,2,10.234764458508652,5,35,10296,1,4.04257192556828,118,2
U016,2024-01-04,8.332317060244133,morning,8,119,99,27,6,12.865217208687984,35,98,11487,4,2.103138916822056,242,4
U016,2024-01-05,7.536748071734428,morning,8,134,110,17,5,3.5539347054330968,25,24,3925,3,3.9295992271779583,0,6
U016,2024-01-06,7.130754250238548,morning,7,191,149,36,4,12.726395572601108,43,154,3165,3,3.600987323307249,286,8
U016,2024-01-07,7.664063945825004,morning,10,120,111,0,6,9.682446868319397,27,241,8616,2,4.980485938666603,152,7
U016,2024-01-08,6.855456934872853,morning,12,165,7,0,2,4.628984676848157,20,177,7714,1,3.70636058382436,195,8
U016,2024-01-09,7.410718904544186,morning,9,205,79,12,7,11.089948119138612,36,238,10633,4,3.632161865608473,182,0
U016,2024-01-10,7.521215591509824,morning,6,118,20,10,3,3.0,8,175,6210,3,3.718522056549562,53,3
U016,2024-01-11,6.528242169105108,morning,8,205,137,14,5,10.12735694132221,34,20,8925,4,4.2961857421418275,124,6
U016,2024-01-12,7.513890802216967,morning,10,34,125,5,2,4.870836699756318,74,410,5079,1,3.889375923071854,70,4
U016,2024-01-13,7.599168308901232,morning,10,139,167,3,3,4.321174825387661,17,306,4536,3,3.4399154411455974,93,5
U016,2024-01-14,7.083799277522361,morning,7,66,46,0,2,7.255691043705078,17,241,4196,3,3.6596503079430507,211,8
U017,2024-01-01,6.512908585916428,evening,15,117,63,3,6,11.363148771581692,45,211,5490,3,2.4205909589040298,318,8
U017,2024-01-02,6.394044149887309,evening,11,140,191,7,4,7.001698049893424,28,185,793,3,4.487372879904107,105,6
U017,2024-01-03,5.902606618047448,evening,12,149,157,16,1,12.40448912389617,18,294,11449,3,3.4907865841533225,250,4
U017,2024-01-04,8.495066919640301,evening,13,93,150,9,4,7.877805167816042,6,228,7459,3,3.449574617250572,88,6
U017,2024-01-05,8.394577534997424,evening,14,136,40,67,1,3.0,5,44,7260,3,4.015698794501306,134,3
U017,2024-01-06,7.9497458477388285,evening,11,126,42,17,7,12.024981250076848,27,47,9776,3,4.312885929852186,133,4
U017,2024-01-07,7.099883498266225,evening,11,79,184,18,3,12.891965508523912,30,316,10205,1,3.145353250003856,6,6
U017,2024-01-08,7.192875420255142,evening,14,154,49,16,4,11.52791900943223,41,168,6281,2,3.5192082912151674,160,7
U017,2024-01-09,7.613241815227377,evening,16,58,162,0,3,5.50202657917532,29,205,7037,4,3.0518348249374774,127,4
U017,2024-01-10,6.757328199714652,evening,12,147,135,0,5,8.730249718094067,47,146,10801,2,3.6592682043684994,62,6
U017,2024-01-11,7.3955727750149345,evening,13,47,119,26,3,13.087173904847038,5,65,11700,2,3.88055722860913,50,9
U017,2024-01-12,6.072752759738414,evening,12,50,164,43,8,6.0346812764246405,57,195,6625,1,4.72092069551489,181,1
U017,2024-01-13,8.999805053925206,evening,14,98,57,0,3,3.0,25,191,9264,3,2.4838572697663945,368,3
U017,2024-01-14,8.464515963694858,evening,13,84,10,10,4,5.868201105404541,16,62,3526,2,3.471730990191156,107,8
U018,2024-01-01,6.15045015282566,morning,6,110,35,19,4,14.6497162143501,5,290,4274,2,3.0095884660561723,0,6
U018,2024-01-02,8.653669699609383,morning,9,166,121,4,7,7.911306674332174,22,237,9222,2,4.558337141357797,399,4
U018,2024-01-03,7.464486366220851,morning,11,86,30,0,3,10.409619161831253,24,220,9910,1,3.6259224119604943,127,5
U018,2024-01-04,8.403412599211961,morning,8,133,144,0,0,10.595843351157667,60,242,3088,2,4.396162454322134,151,6
U018,2024-01-05,7.914807149514457,morning,9,204,82,0,1,9.723547103063947,22,163,9583,3,3.52032807324324,155,5
U018,2024-01-06,7.777779456174085,morning,9,162,106,0,3,3.632315044654593,32,272,8877,3,3.402551112608057,132,4
U018,2024-01-07,6.511673893674982,morning,7,118,65,24,5,3.93057135933189,32,215,8788,3,4.074171602073575,65,5
U018,2024-01-08,6.912805274651713,morning,7,117,81,3,1,8.443999006106148,33,122,7873,4,2.8426976104485946,135,6
U018,2024-01-09,5.946835660518466,morning,7,104,204,0,3,17.53198201283369,40,243,9759,1,4.888399414745088,222,7
U018,2024-01-10,8.680443366586811,morning,11,145,73,4,4,4.4960830066979645,5,165,6510,4,3.6430023343136266,183,8
U018,2024-01-11,7.576063644883621,morning,9,212,79,16,5,10.584666105741698,49,328,7940,4,3.273998449451621,219,8
U018,2024-01-12,7.670244863879533,morning,12,178,77,41,3,10.051552212787941,10,133,6024,1,3.7537337341349764,120,1
U018,2024-01-13,8.193431248888825,morning,7,178,94,0,2,8.170060355790914,27,133,6154,1,3.989165099895761,77,6
U018,2024-01-14,8.531187445490149,morning,7,130,84,6,6,13.361963694988475,22,223,10166,2,3.8456025323573635,213,7
U019,2024-01-01,8.1090831812881,morning,7,92,151,21,0,7.6723803477587165,48,291,10168,3,3.167085317028326,155,8
U019,2024-01-02,6.663338548314802,morning,7,75,0,13,1,9.378180863135041,20,165,10254,3,3.5272455910811447,179,2
U019,2024-01-03,8.72574044192495,morning,8,137,5,11,0,11.281883265484197,28,20,12337,3,4.002173181496519,155,4
U019,2024-01-04,6.762386205002387,morning,8,130,119,16,3,8.358614710889574,18,240,11247,1,2.7925406114458684,229,0
U019,2024-01-05,8.150340515812326,morning,7,104,138,0,0,14.86449692817466,12,60,3505,2,3.158663644586356,97,4
U019,2024-01-06,8.400779040292067,morning,9,136,62,48,3,12.889934269302826,7,254,11053,2,4.215093310551952,87,7
U019,2024-01-07,9.453944478682875,morning,10,142,144,0,5,10.09443233349282,44,251,4793,3,3.2427073523740377,97,6
U019,2024-01-08,7.795984552809396,morning,9,79,123,2,7,13.9290087180419,24,79,9442,2,2.885291334827039,108,9
U019,2024-01-09,7.448164805595729,morning,9,132,174,0,3,10.328053097497078,36,303,11127,4,3.731918441776446,81,5
U019,2024-01-10,7.5305526963063505,morning,13,133,11,11,6,6.681146065640598,15,181,8209,4,3.389585629597225,200,4
U019,2024-01-11,6.658852988924324,morning,9,138,125,27,0,10.478040705295152,29,228,5662,2,3.7019143914505315,124,4
U019,2024-01-12,6.748600244723868,morning,7,166,83,40,2,11.252017640777648,35,20,7371,2,4.026122805455334,94,4
U019,2024-01-13,9.388974532524001,morning,7,225,51,38,4,17.499785758152335,44,150,3972,2,3.173762035346794,122,5
U019,2024-01-14,7.143666517023626,morning,9,143,146,20,4,13.582034554858804,52,130,6520,4,4.439248518710961,129,2
U020,2024-01-01,8.06443448038486,morning,10,89,15,0,5,8.371901459791877,24,70,2962,2,2.237551154894068,34,3
U020,2024-01-02,9.735856783252123,morning,8,152,219,0,0,5.502950670167155,27,187,4876,3,2.248249593351572,60,5
U020,2024-01-03,7.120315526251628,morning,6,138,50,58,2,15.884316097711633,69,176,5776,2,3.1418549014428083,133,7
U020,2024-01-04,8.35003121405623,morning,8,221,50,8,3,8.119231789664745,36,207,8227,2,3.9936010494684147,241,3
U020,2024-01-05,7.936591050407222,morning,9,177,68,0,1,8.57129303994185,37,136,6563,3,3.6882761013520127,67,4
U020,2024-01-06,7.971943724756762,morning,9,149,118,9,2,10.128752146703695,55,271,8886,3,2.7216842943029533,222,9
U020,2024-01-07,6.954017097525655,morning,7,136,170,43,2,9.189152251093608,30,181,7296,2,2.9316554892500215,192,4
U020,2024-01-08,7.537201265408927,morning,10,99,67,9,4,7.907706580995092,39,194,3870,3,4.562163105208579,70,4
U020,2024-01-09,8.303267769127114,morning,12,132,82,24,1,7.659037086490822,55,358,10917,3,2.765773387846889,278,5
U020,2024-01-10,8.560788738120461,morning,7,106,46,4,3,8.154877108678102,19,244,8028,3,4.1140020266597865,199,2
U020,2024-01-11,7.923086915179613,morning,9,115,119,23,0,12.948052238460123,40,278,933,4,5.0,264,11
U020,2024-01-12,6.792665422082739,morning,6,163,92,0,1,10.964592204907897,40,125,826,2,2.758874675068994,284,7
U020,2024-01-13,6.608747930830224,morning,9,147,163,19,4,13.16752225939419,51,247,9382,3,3.4164828278700097,43,4
U020,2024-01-14,6.728729476596236,morning,10,98,0,0,3,9.30134078504112,37,177,8692,3,3.062157368326066,40,3
U021,2024-01-01,8.463371036164942,evening,13,71,100,0,3,8.325690404456562,30,142,6104,3,4.010786987589737,62,5
U021,2024-01-02,6.852635618550353,evening,14,96,65,51,4,8.817246725973638,13,252,11561,3,2.7168132046832705,201,9
U021,2024-01-03,6.770372142210108,evening,11,197,173,40,2,15.349278150984935,37,155,9756,3,4.16283576726033,5,6
U021,2024-01-04,7.194946047768644,evening,13,48,97,32,5,17.401906067959757,27,191,7307,2,3.8601726913810177,0,6
U021,2024-01-05,6.559907857388853,evening,12,103,79,46,3,7.013890077376227,25,98,10601,3,2.7721623853366477,113,5
U021,2024-01-06,7.7137183599559265,evening,12,130,142,27,3,20.5538829425213,19,397,14620,4,4.062278899360113,238,8
U021,2024-01-07,7.525199004449194,evening,11,82,199,12,7,11.207833509311444,32,82,10729,4,3.1068026821465637,223,4
U021,2024-01-08,5.041427444455323,evening,12,208,46,28,9,5.596769581964117,41,181,7574,2,4.801540764035384,181,4
U021,2024-01-09,8.245046548920262,evening,13,95,213,3,2,8.8166821773108,56,95,2921,2,3.168240208468227,150,8
U021,2024-01-10,6.409539793761284,evening,12,148,110,39,4,12.257219070313935,41,266,7748,2,4.2231589224461,256,6
U021,2024-01-11,8.024821540320765,evening,15,95,110,6,4,3.9035925656250186,20,20,7004,3,3.415617149001763,165,7
U021,2024-01-12,7.9655811767686515,evening,12,114,83,0,4,5.663776605089986,39,133,5292,2,2.8204626400704664,175,7
U021,2024-01-13,6.5590831222995964,evening,12,161,123,0,3,4.123539537343315,5,78,10555,3,2.900422767407618,105,3
U021,2024-01-14,7.520684753166463,evening,15,101,82,10,2,3.038997218145318,13,247,7766,3,3.442161739614504,186,6
U022,2024-01-01,7.314529539908949,evening,12,21,72,23,4,8.993637749515457,30,115,11013,2,3.848945082640226,223,8
U022,2024-01-02,5.962269547114116,evening,14,22,0,5,0,11.485820519570787,83,153,7576,1,3.6597264651771457,90,8
U022,2024-01-03,8.507015317629996,evening,13,117,198,0,2,8.935821295341103,36,167,6947,1,4.164293623422897,155,4
U022,2024-01-04,7.413244866923066,evening,9,138,83,0,4,4.384526970674564,61,148,4698,2,2.5294527253390098,221,4
U022,2024-01-05,6.020156151338284,evening,11,171,83,3,5,13.436887205980632,29,171,5569,1,4.28267053519753,100,4
U022,2024-01-06,6.746079669962995,evening,13,149,153,38,3,12.153956838565097,34,305,7629,3,3.6577035689777224,96,8
U022,2024-01-07,6.808882776100169,evening,14,94,57,3,5,9.574724574338763,21,89,9524,3,3.628586398372934,211,3
U022,2024-01-08,8.033969543211995,evening,15,96,155,23,2,10.05106214212636,36,20,5254,2,3.595874442804362,55,4
U022,2024-01-09,7.342367046301347,evening,13,74,76,14,1,7.723209127313808,11,77,8347,2,4.132573090225096,206,8
U022,2024-01-10,5.55762720628415,evening,14,159,120,40,4,8.212225839676771,37,172,7160,3,2.724589504763841,128,10
U022,2024-01-11,8.063899565192704,evening,14,160,209,45,5,4.857617535422528,33,288,5468,2,4.766175885555079,228,7
U022,2024-01-12,8.495159667600698,evening,12,134,94,22,5,7.28000028610973,43,126,7736,2,3.303060220464193,130,4
U022,2024-01-13,6.249096315512711,evening,11,28,112,47,1,9.837814775959611,47,80,6337,4,3.6850845106521866,359,7
U022,2024-01-14,7.043710924709618,evening,15,137,84,26,3,12.665157148301363,52,245,6530,4,4.809673094076863,53,4
U023,2024-01-01,6.625471885428925,evening,12,114,176,0,5,10.716225357731826,31,303,8468,4,4.627468980749131,167,3
U023,2024-01-02,6.218561175899309,evening,11,114,91,30,0,10.07876394640876,25,245,3744,3,3.3378613805238038,254,7
U023,2024-01-03,5.382444223755794,evening,12,33,108,44,0,13.861977389825336,15,229,2751,2,4.261864721911061,174,7
U023,2024-01-04,8.279396476565598,evening,12,112,39,7,1,10.56847685669353,19,102,7072,4,4.046080825130095,52,4
U023,2024-01-05,8.115829626450452,evening,12,86,112,31,4,11.946962437472964,44,197,7046,4,4.436809951438655,108,8
U023,2024-01-06,7.69932755320696,evening,11,95,121,13,6,5.55205198820674,41,75,9180,4,3.0499185587112,188,7
U023,2024-01-07,6.561168802185978,evening,12,133,125,36,4,8.78268872392107,19,163,5288,3,2.858120218116869,31,7
U023,2024-01-08,6.921836760732131,evening,12,160,166,0,2,8.149768312137535,32,214,9799,3,3.5239553049025916,111,8
U023,2024-01-09,6.566911231304927,evening,14,81,81,34,2,7.118887769031611,40,252,5642,4,4.132435737670484,253,5
U023,2024-01-10,5.160529847628181,evening,12,166,164,22,1,8.649409182817825,24,39,4256,3,3.087017991781446,126,3
U023,2024-01-11,7.643981105467723,evening,13,130,72,20,2,8.958685111827462,19,149,10587,3,3.8279616136240717,120,6
U023,2024-01-12,7.666111103304262,evening,12,154,156,1,2,3.0,63,61,6788,2,3.4701789763155215,198,7
U023,2024-01-13,7.702553883728493,evening,12,161,123,22,4,3.8182467651524723,40,259,6329,4,3.8644710632522465,132,7
U023,2024-01-14,7.3681750831037585,evening,12,136,167,12,1,8.777919470513712,14,101,10147,3,4.2556461601174815,25,4
U024,2024-01-01,6.413630726677221,morning,7,102,97,0,0,13.461274337233545,27,114,5368,3,4.352746899821705,122,4
U024,2024-01-02,7.139696610018778,morning,6,126,71,29,1,11.54974602422298,52,331,10047,4,2.744868266943598,181,5
U024,2024-01-03,7.85592720468344,morning,6,197,127,31,9,8.303409921708862,36,94,8397,3,3.8107723376023688,5,3
U024,2024-01-04,7.734690263141299,morning,9,92,157,10,0,7.255813773601517,29,114,8801,4,3.3304563841205512,54,5
U024,2024-01-05,7.112348239645596,morning,7,213,81,11,2,3.7463639673404368,42,254,13390,3,3.3871163509121986,145,8
U024,2024-01-06,6.206954563213159,morning,10,67,57,32,3,13.904610239711428,31,296,8201,4,3.014335374703051,147,5
U024,2024-01-07,8.53614158150171,morning,9,158,131,8,2,9.522306891786997,42,331,4859,4,3.8740259323789696,167,5
U024,2024-01-08,7.762028328483962,morning,7,101,73,43,4,7.37535726648016,33,165,8898,2,3.822110540618461,82,3
U024,2024-01-09,8.399306143108861,morning,9,127,43,0,4,13.261261487305903,12,185,8010,2,4.5096266795350965,112,3
U024,2024-01-10,7.733426081690931,morning,10,58,166,0,3,6.961852317284693,37,167,12121,2,3.4499950577443492,28,2
U024,2024-01-11,6.85886449645577,morning,6,164,0,63,3,10.302528953441971,29,181,8812,2,3.223824289288876,101,6
U024,2024-01-12,6.836432804649862,morning,8,93,182,12,6,9.611598213325996,42,189,12002,3,3.535725321942156,200,9
U024,2024-01-13,7.398684333164962,morning,9,187,184,5,0,7.544980486646809,30,180,3528,2,3.866895209475292,125,7
U024,2024-01-14,5.636641620804532,morning,10,94,44,0,3,7.993413370550589,26,121,8583,2,3.6856075642637696,114,9
